Time_s,Voltage_V,Current_mA,Power_mW
0.00,3.70,23.70,88.00
0.03,3.67,16.50,62.00
0.06,3.70,51.80,190.00
0.06,3.70,17.70,66.00
0.09,3.70,17.80,66.00
0.12,3.69,20.20,76.00
0.15,3.68,28.00,86.00
0.18,3.69,3.00,410.00
0.18,3.69,39.90,204.00
0.21,3.69,25.30,92.00
0.24,3.69,25.50,96.00
0.27,3.66,26.90,98.00
0.33,3.70,41.70,154.00
0.33,3.70,25.10,92.00
0.33,3.69,26.00,96.00
0.36,3.70,27.40,98.00
0.39,3.67,33.30,88.00
0.42,3.69,27.20,400.00
0.42,3.69,25.20,88.00
0.45,3.69,22.00,82.00
0.48,3.69,0.40,0.00
0.51,3.68,32.90,122.00
0.54,3.70,21.40,78.00
0.54,3.69,16.20,58.00
0.57,3.69,16.30,58.00
0.60,3.70,12.00,42.00
0.63,3.66,42.00,42.00
0.66,3.70,76.80,282.00
0.66,3.70,7.70,30.00
0.69,3.69,0.00,0.00
0.72,3.70,4.50,16.00
0.75,3.69,2.90,10.00
0.78,3.70,0.30,312.00
0.78,3.70,31.30,206.00
0.81,3.70,-2.50,14.00
0.84,3.70,-1.00,6.00
0.87,3.66,-3.10,14.00
0.90,3.70,1.00,4.00
0.90,3.70,28.70,104.00
0.93,3.70,-8.30,30.00
0.96,3.70,-7.40,26.00
0.99,3.68,-0.20,20.00
1.02,3.70,-3.70,276.00
1.02,3.70,36.70,194.00
1.05,3.70,0.40,0.00
1.08,3.70,3.30,6.00
1.11,3.66,2.50,10.00
1.14,3.70,4.40,16.00
1.14,3.70,41.10,150.00
1.17,3.70,8.30,30.00
1.20,3.70,11.00,40.00
1.23,3.68,19.20,40.00
1.26,3.70,14.50,364.00
1.26,3.70,15.50,56.00
1.29,3.70,16.80,58.00
1.32,3.70,14.50,52.00
1.35,3.68,36.40,194.00
1.35,3.70,15.40,56.00
1.38,3.69,0.10,0.00
1.41,3.70,47.50,204.00
1.44,3.70,13.50,50.00
1.47,3.66,36.10,50.00
1.50,3.70,12.30,288.00
1.50,3.70,11.40,42.00
1.53,3.70,8.50,32.00
1.56,3.70,9.60,36.00
1.59,3.68,7.10,26.00
1.62,3.70,0.00,0.00
1.62,3.70,49.80,204.00
1.65,3.70,2.50,10.00
1.68,3.70,1.80,6.00
1.71,3.66,1.30,4.00
1.74,3.70,8.00,30.00
1.74,3.70,48.60,180.00
1.77,3.70,0.00,0.00
1.80,3.70,-1.70,6.00
1.83,3.69,1.20,6.00
1.86,3.70,-2.10,282.00
1.86,3.70,-3.10,186.00
1.89,3.70,-2.10,6.00
1.92,3.70,-1.70,6.00
1.95,3.67,-3.50,14.00
1.98,3.70,-1.00,4.00
1.98,3.70,55.20,204.00
2.02,3.70,-2.70,10.00
2.04,3.70,-1.90,6.00
2.07,3.68,4.80,10.00
2.10,3.70,0.30,210.00
2.10,3.70,1.40,204.00
2.13,3.70,3.70,6.00
2.19,3.70,2.80,10.00
2.19,3.69,6.30,22.00
2.19,3.70,3.50,14.00
2.22,3.70,54.90,204.00
2.25,3.70,9.70,36.00
2.28,3.70,12.30,42.00
2.31,3.66,29.70,42.00
2.34,3.70,14.10,288.00
2.34,3.70,16.80,56.00
2.37,3.70,15.80,58.00
2.40,3.70,19.40,72.00
2.43,3.68,22.00,82.00
2.46,3.70,25.90,96.00
2.46,3.69,55.30,204.00
2.49,3.69,28.30,206.00
2.52,3.69,26.80,96.00
2.55,3.66,74.60,108.00
2.58,3.69,65.90,242.00
2.58,3.69,30.00,112.00
2.61,3.69,33.10,122.00
2.64,3.69,32.70,122.00
2.67,3.68,36.60,124.00
2.70,3.69,36.90,452.00
2.70,3.69,34.90,132.00
2.73,3.69,34.30,124.00
2.76,3.69,36.50,132.00
2.79,3.65,34.40,128.00
2.82,3.68,68.30,250.00
2.82,3.69,55.70,206.00
2.85,3.69,29.20,108.00
2.88,3.69,28.30,104.00
2.91,3.67,33.00,96.00
2.94,3.69,28.50,396.00
2.94,3.69,27.10,98.00
2.97,3.69,27.40,98.00
3.03,3.69,25.90,96.00
3.03,3.68,23.40,86.00
3.03,3.70,22.10,82.00
3.06,3.70,15.30,56.00
3.09,3.70,12.80,46.00
3.12,3.69,55.70,0.00
3.15,3.66,26.40,204.00
3.18,3.70,8.90,262.00
3.18,3.70,8.30,26.00
3.21,3.70,5.00,20.00
3.24,3.70,3.80,14.00
3.27,3.68,4.50,16.00
3.30,3.70,0.10,0.00
3.30,3.69,55.00,204.00
3.33,3.70,5.30,20.00
3.36,3.70,2.60,10.00
3.39,3.66,50.10,16.00
3.42,3.70,0.30,58.00
3.42,3.70,54.00,200.00
3.45,3.70,3.30,14.00
3.48,3.70,3.80,14.00
3.51,3.68,6.30,22.00
3.54,3.70,0.00,348.00
3.54,3.70,8.50,206.00
3.57,3.70,6.70,22.00
3.60,3.70,10.90,40.00
3.63,3.66,9.90,36.00
3.66,3.70,23.50,86.00
3.66,3.70,13.30,50.00
3.69,3.70,13.90,52.00
3.72,3.70,17.00,62.00
3.75,3.67,26.70,68.00
3.78,3.70,23.80,380.00
3.78,3.69,53.50,158.00
3.81,3.69,24.20,88.00
3.84,3.69,25.40,88.00
3.87,3.67,24.00,88.00
3.90,3.69,25.90,96.00
3.90,3.69,20.90,78.00
3.93,3.70,21.50,78.00
3.96,3.69,22.30,78.00
3.99,3.66,39.20,78.00
4.02,3.70,21.10,298.00
4.02,3.70,21.40,78.00
4.05,3.69,20.10,76.00
4.08,3.70,17.70,66.00
4.11,3.67,39.50,148.00
4.14,3.70,18.90,68.00
4.14,3.70,18.50,68.00
4.17,3.69,21.40,78.00
4.21,3.69,21.20,78.00
4.23,3.66,71.40,86.00
4.26,3.69,24.80,206.00
4.26,3.69,24.70,92.00
4.29,3.69,24.20,88.00
4.32,3.69,27.10,102.00
4.35,3.68,29.60,108.00
4.38,3.69,30.20,112.00
4.38,3.69,30.00,108.00
4.41,3.69,42.80,98.00
4.44,3.69,29.30,204.00
4.47,3.65,26.90,98.00
4.50,3.69,37.30,138.00
4.50,3.70,25.50,96.00
4.53,3.70,25.80,96.00
4.56,3.70,25.70,96.00
4.59,3.67,35.10,102.00
4.62,3.69,29.40,400.00
4.62,3.69,26.10,96.00
4.65,3.69,28.30,104.00
4.68,3.69,29.20,102.00
4.71,3.67,27.20,102.00
4.74,3.69,29.30,108.00
4.74,3.69,54.00,200.00
4.77,3.70,27.70,102.00
4.80,3.69,27.70,102.00
4.83,3.66,48.50,96.00
4.89,3.69,24.60,302.00
4.89,3.69,25.30,92.00
4.89,3.69,25.90,92.00
4.92,3.69,22.30,82.00
4.95,3.68,22.70,86.00
4.98,3.70,22.60,82.00
4.98,3.70,20.70,76.00
5.01,3.69,20.30,72.00
5.07,3.69,54.50,30.00
5.07,3.65,69.60,204.00
5.10,3.69,15.50,158.00
5.10,3.70,13.40,50.00
5.13,3.70,9.90,36.00
5.16,3.70,9.80,36.00
5.19,3.68,10.50,40.00
5.22,3.70,0.10,0.00
5.22,3.69,56.50,206.00
5.25,3.70,3.00,10.00
5.28,3.70,3.80,14.00
5.31,3.66,2.20,6.00
5.34,3.70,0.20,0.00
5.34,3.70,53.50,196.00
5.37,3.70,2.10,6.00
5.40,3.70,1.40,6.00
5.43,3.68,11.50,10.00
5.46,3.70,0.30,194.00
5.46,3.70,-1.00,196.00
5.49,3.70,0.90,0.00
5.52,3.70,1.50,0.00
5.55,3.67,-1.50,6.00
5.58,3.70,0.40,0.00
5.58,3.70,-0.80,4.00
5.61,3.70,-0.70,4.00
5.64,3.70,0.40,0.00
5.67,3.67,28.60,4.00
5.70,3.70,0.00,104.00
5.70,3.70,4.40,204.00
5.73,3.70,6.70,20.00
5.76,3.70,5.00,20.00
5.79,3.68,7.60,30.00
5.82,3.70,10.40,40.00
5.82,3.69,43.70,160.00
5.85,3.70,13.50,200.00
5.88,3.70,15.70,58.00
5.91,3.65,74.00,62.00
5.94,3.70,18.70,150.00
5.94,3.70,20.10,76.00
5.97,3.70,19.80,72.00
6.00,3.69,22.80,86.00
6.03,3.68,26.90,98.00
6.06,3.70,24.10,88.00
6.06,3.69,24.10,86.00
6.09,3.69,24.10,86.00
6.12,3.69,24.70,88.00
6.15,3.65,24.70,92.00
6.18,3.69,50.80,186.00
6.18,3.69,53.60,196.00
6.21,3.69,24.70,92.00
6.24,3.69,23.10,86.00
6.27,3.67,33.90,88.00
6.30,3.69,23.50,354.00
6.30,3.69,19.80,72.00
6.34,3.69,19.80,72.00
6.36,3.70,18.50,66.00
6.39,3.67,14.00,52.00
6.42,3.70,13.60,50.00
6.42,3.70,10.40,40.00
6.45,3.69,50.60,186.00
6.48,3.70,6.30,22.00
6.51,3.66,39.00,10.00
6.54,3.70,0.10,76.00
6.54,3.70,1.50,206.00
6.57,3.70,0.50,4.00
6.60,3.70,-4.70,16.00
6.63,3.69,-5.10,20.00
6.66,3.70,-6.10,22.00
6.66,3.70,-8.50,32.00
6.69,3.70,-10.00,36.00
6.72,3.70,-9.60,36.00
6.75,3.66,49.80,40.00
6.81,3.70,-10.60,16.00
6.81,3.70,-9.20,204.00
6.81,3.70,-11.10,42.00
6.84,3.70,-8.50,32.00
6.87,3.69,-2.40,10.00
6.90,3.70,-7.00,26.00
6.90,3.70,-7.50,200.00
6.93,3.70,-8.40,32.00
6.96,3.70,-8.20,32.00
6.99,3.67,-7.80,30.00
7.02,3.70,-4.90,20.00
7.02,3.70,-7.20,26.00
7.05,3.70,-4.60,16.00
7.08,3.70,-4.50,16.00
7.11,3.67,11.20,10.00
7.14,3.70,-1.80,104.00
7.14,3.70,-0.80,200.00
7.17,3.70,1.80,6.00
7.20,3.70,4.70,14.00
7.23,3.68,2.60,10.00
7.26,3.70,0.20,0.00
7.26,3.70,5.40,20.00
7.29,3.70,6.30,22.00
7.32,3.70,7.60,30.00
7.35,3.66,52.50,26.00
7.38,3.70,0.20,144.00
7.38,3.70,7.00,206.00
7.41,3.70,6.60,20.00
7.44,3.70,2.60,10.00
7.47,3.68,4.70,16.00
7.50,3.70,-0.10,0.00
7.50,3.70,1.70,6.00
7.53,3.70,2.10,6.00
7.56,3.70,2.60,10.00
7.59,3.66,70.20,6.00
7.62,3.70,0.20,0.00
7.62,3.70,2.30,204.00
7.65,3.70,-1.10,4.00
7.68,3.70,0.30,0.00
7.71,3.68,7.40,26.00
7.74,3.70,0.10,0.00
7.74,3.70,0.40,204.00
7.77,3.70,0.40,0.00
7.80,3.70,1.80,4.00
7.83,3.67,3.10,14.00
7.86,3.70,0.00,0.00
7.86,3.70,3.50,14.00
7.89,3.70,6.00,22.00
7.92,3.70,6.10,22.00
7.95,3.67,32.50,30.00
7.98,3.70,9.70,250.00
7.98,3.68,54.30,88.00
8.01,3.70,11.90,42.00
8.04,3.70,13.40,46.00
8.07,3.67,11.90,42.00
8.10,3.70,14.30,52.00
8.10,3.70,14.30,52.00
8.13,3.70,14.60,52.00
8.16,3.70,15.70,58.00
8.19,3.66,67.60,52.00
8.22,3.70,14.70,150.00
8.22,3.69,16.70,62.00
8.25,3.70,14.30,58.00
8.31,3.69,16.30,58.00
8.31,3.68,15.30,56.00
8.31,3.70,15.00,56.00
8.34,3.70,13.30,50.00
8.37,3.70,12.80,46.00
8.40,3.70,12.90,46.00
8.46,3.66,87.60,42.00
8.46,3.70,11.10,68.00
8.46,3.70,11.30,40.00
8.49,3.70,7.90,30.00
8.52,3.70,55.50,204.00
8.55,3.68,18.20,68.00
8.58,3.70,6.70,26.00
8.58,3.70,6.80,20.00
8.61,3.70,5.20,16.00
8.64,3.70,4.50,16.00
8.67,3.67,36.80,138.00
8.70,3.70,-0.10,0.00
8.70,3.70,0.80,4.00
8.73,3.70,2.10,6.00
8.76,3.70,1.30,4.00
8.79,3.67,36.90,10.00
8.79,3.70,0.20,88.00
8.82,3.70,1.30,200.00
8.85,3.70,2.50,6.00
8.88,3.70,3.20,6.00
8.91,3.68,2.30,10.00
8.94,3.70,0.10,0.00
8.94,3.70,2.80,10.00
8.97,3.70,3.60,14.00
9.00,3.70,4.80,16.00
9.03,3.66,66.20,20.00
9.03,3.70,-0.60,92.00
9.06,3.70,12.40,204.00
9.09,3.70,12.30,40.00
9.12,3.70,10.80,40.00
9.15,3.68,18.40,68.00
9.15,3.70,16.10,58.00
9.18,3.70,16.50,62.00
9.21,3.69,18.20,66.00
9.24,3.70,20.30,76.00
9.27,3.66,107.20,78.00
9.27,3.69,22.60,96.00
9.30,3.70,23.40,86.00
9.33,3.69,22.40,82.00
9.36,3.69,24.30,88.00
9.39,3.68,36.30,134.00
9.39,3.70,22.30,82.00
9.42,3.69,22.80,82.00
9.45,3.69,21.00,76.00
9.48,3.70,20.60,76.00
9.51,3.66,17.30,62.00
9.51,3.70,19.40,72.00
9.54,3.70,15.30,56.00
9.57,3.70,15.70,58.00
9.60,3.70,14.40,52.00
9.63,3.66,56.60,52.00
9.63,3.70,14.50,190.00
9.66,3.69,53.80,134.00
9.69,3.70,12.10,42.00
9.72,3.70,11.80,40.00
9.75,3.68,11.00,40.00
9.75,3.70,9.40,36.00
9.78,3.70,7.40,26.00
9.81,3.70,0.40,0.00
9.84,3.69,54.90,204.00
9.87,3.65,71.50,14.00
9.87,3.70,-0.40,42.00
9.90,3.70,-1.80,6.00
9.93,3.70,-3.70,20.00
9.96,3.70,-8.40,30.00
9.99,3.68,0.10,0.00
9.99,3.70,-6.40,22.00
10.02,3.70,-5.60,20.00
10.05,3.70,-3.50,16.00
10.08,3.70,-2.70,10.00
10.11,3.66,90.30,6.00
10.11,3.70,0.10,0.00
10.14,3.70,-0.40,0.00
10.17,3.70,0.40,0.00
10.20,3.70,3.10,14.00
10.23,3.68,30.00,112.00
10.23,3.70,0.30,0.00
10.26,3.70,4.80,206.00
10.29,3.70,3.10,10.00
10.32,3.70,4.80,16.00
10.35,3.67,2.50,10.00
10.35,3.70,0.00,0.00
10.38,3.70,-1.20,4.00
10.41,3.70,-3.40,14.00
10.44,3.70,-5.70,20.00
10.47,3.67,46.90,36.00
10.47,3.70,-8.20,26.00
10.50,3.70,-12.90,194.00
10.53,3.70,-8.40,32.00
10.56,3.70,-4.10,20.00
10.59,3.68,2.00,6.00
10.59,3.70,0.10,0.00
10.62,3.70,0.90,4.00
10.65,3.70,1.90,6.00
10.68,3.70,2.50,6.00
10.71,3.66,81.10,10.00
10.71,3.70,-0.10,0.00
10.74,3.70,3.10,204.00
10.77,3.70,4.20,16.00
10.80,3.70,4.50,16.00
10.83,3.68,19.60,72.00
10.83,3.70,10.40,40.00
10.86,3.69,7.40,26.00
10.89,3.69,56.10,184.00
10.92,3.69,21.10,78.00
10.95,3.66,24.10,88.00
10.95,3.69,26.70,104.00
10.98,3.69,27.30,102.00
11.01,3.69,27.40,102.00
11.04,3.69,29.30,108.00
11.07,3.67,69.70,112.00
11.08,3.69,27.80,256.00
11.12,3.69,28.00,102.00
11.13,3.69,24.40,86.00
11.16,3.69,25.60,96.00
11.19,3.66,23.60,88.00
11.19,3.69,54.70,204.00
11.22,3.70,20.10,76.00
11.25,3.69,15.80,58.00
11.28,3.70,12.30,46.00
11.31,3.66,75.80,26.00
11.31,3.70,7.60,82.00
11.34,3.70,0.30,0.00
11.37,3.70,0.80,0.00
11.40,3.70,-4.00,16.00
11.43,3.68,-2.30,10.00
11.43,3.70,-11.00,40.00
11.46,3.70,-15.10,56.00
11.49,3.71,-14.00,52.00
11.52,3.70,-12.60,50.00
11.55,3.66,76.50,50.00
11.55,3.70,-11.70,40.00
11.58,3.70,-12.30,204.00
11.61,3.70,-13.30,50.00
11.64,3.70,-14.30,52.00
11.67,3.69,7.60,30.00
11.67,3.70,-12.10,46.00
11.70,3.70,-10.80,40.00
11.73,3.70,-7.00,26.00
11.76,3.70,-7.20,30.00
11.79,3.66,103.40,14.00
11.79,3.70,-1.10,6.00
11.82,3.70,-0.20,0.00
11.85,3.70,3.40,14.00
11.88,3.70,5.80,22.00
11.91,3.67,60.50,40.00
11.91,3.70,11.70,150.00
11.94,3.69,45.90,14.00
11.97,3.70,14.80,196.00
12.03,3.69,18.20,66.00
12.03,3.67,19.40,72.00
12.03,3.69,22.50,82.00
12.06,3.69,24.30,88.00
12.09,3.69,24.00,88.00
12.12,3.69,26.00,96.00
12.15,3.65,103.90,92.00
12.15,3.69,26.50,128.00
12.18,3.69,26.10,96.00
12.21,3.69,26.50,96.00
12.24,3.69,24.40,88.00
12.30,3.67,32.10,118.00
12.30,3.69,55.30,204.00
12.30,3.70,17.20,62.00
12.33,3.70,13.70,50.00
12.39,3.70,11.20,40.00
12.39,3.68,5.20,16.00
12.39,3.70,0.00,0.00
12.42,3.70,-1.20,204.00
12.45,3.70,-8.30,30.00
12.48,3.70,-11.90,42.00
12.51,3.69,21.80,82.00
12.51,3.71,-12.20,46.00
12.54,3.70,-13.00,50.00
12.57,3.70,-11.60,46.00
12.60,3.70,-14.20,56.00
12.63,3.67,91.80,50.00
12.63,3.70,-11.10,36.00
12.66,3.71,-14.90,56.00
12.69,3.70,-12.90,50.00
12.72,3.71,-15.30,56.00
12.75,3.69,53.10,196.00
12.75,3.70,-12.50,32.00
12.78,3.70,-13.80,204.00
12.81,3.70,-14.20,52.00
12.84,3.70,-13.50,52.00
12.87,3.69,-9.50,36.00
12.87,3.70,-13.20,50.00
12.90,3.71,-14.00,52.00
12.93,3.71,-15.00,56.00
12.96,3.70,-14.40,52.00
12.99,3.66,77.60,50.00
12.99,3.70,-13.80,42.00
13.02,3.70,-9.50,204.00
13.05,3.70,-6.30,30.00
13.08,3.70,-7.00,26.00
13.11,3.68,13.30,50.00
13.11,3.70,-4.40,16.00
13.14,3.70,-2.20,6.00
13.17,3.70,-0.70,4.00
13.20,3.70,1.60,4.00
13.23,3.66,94.30,4.00
13.23,3.70,0.30,0.00
13.26,3.70,4.50,204.00
13.29,3.70,1.80,6.00
13.32,3.70,3.70,14.00
13.35,3.68,54.60,204.00
13.35,3.70,-0.10,0.00
13.38,3.70,1.10,200.00
13.41,3.70,-0.60,4.00
13.44,3.70,-2.10,10.00
13.47,3.67,109.30,0.00
13.47,3.70,-4.90,20.00
13.50,3.70,-7.30,26.00
13.56,3.70,-7.00,26.00
13.56,3.70,-9.80,36.00
13.59,3.67,127.20,472.00
13.59,3.70,-8.70,32.00
13.62,3.70,-12.90,190.00
13.65,3.70,-11.60,42.00
13.68,3.70,-11.00,42.00
13.71,3.69,-4.90,20.00
13.71,3.70,-11.20,42.00
13.74,3.70,-12.80,46.00
13.77,3.70,-12.90,50.00
13.80,3.70,-12.60,46.00
13.83,3.66,83.50,46.00
13.83,3.70,-13.30,46.00
13.86,3.70,-12.30,200.00
13.89,3.71,-11.60,50.00
13.92,3.70,-14.70,56.00
13.95,3.69,20.60,76.00
13.95,3.70,-13.80,52.00
13.98,3.71,-10.60,40.00
14.01,3.70,-7.10,30.00
14.04,3.70,-5.00,20.00
14.07,3.66,90.80,6.00
14.10,3.70,0.00,36.00
14.10,3.70,54.80,204.00
14.13,3.70,3.60,14.00
14.16,3.70,7.40,26.00
14.19,3.68,73.80,272.00
14.22,3.70,12.60,46.00
14.22,3.70,13.90,50.00
14.25,3.70,0.10,46.00
14.28,3.69,56.10,206.00
14.31,3.67,137.40,86.00
14.34,3.70,31.00,114.00
14.34,3.70,16.70,62.00
14.37,3.70,16.80,62.00
14.40,3.70,16.80,62.00
14.43,3.66,110.30,62.00
14.46,3.70,19.90,368.00
14.46,3.70,14.90,52.00
14.49,3.70,15.90,56.00
14.52,3.70,15.40,52.00
14.55,3.68,27.70,102.00
14.58,3.70,13.70,50.00
14.58,3.70,53.50,196.00
14.61,3.70,6.70,26.00
14.64,3.70,6.30,20.00
14.67,3.66,97.10,10.00
14.70,3.70,-0.10,144.00
14.70,3.70,2.80,128.00
14.73,3.70,1.40,6.00
14.76,3.70,-0.60,4.00
14.79,3.68,50.10,186.00
14.82,3.70,0.00,0.00
14.82,3.70,33.70,124.00
14.85,3.70,-0.10,4.00
14.88,3.70,-4.00,16.00
14.91,3.67,94.10,4.00
14.94,3.70,-2.60,14.00
14.94,3.70,24.30,88.00
14.97,3.70,-6.60,22.00
15.00,3.70,-7.40,26.00
15.03,3.68,72.30,268.00
15.06,3.70,-5.50,216.00
15.06,3.70,25.00,206.00
15.09,3.70,-10.30,40.00
15.12,3.70,-9.10,36.00
15.15,3.68,-1.80,6.00
15.18,3.70,-6.60,22.00
15.18,3.70,17.40,66.00
15.21,3.70,-10.80,40.00
15.24,3.70,-10.30,40.00
15.27,3.66,86.60,36.00
15.30,3.70,-11.50,98.00
15.30,3.70,-10.60,30.00
15.33,3.70,-9.60,40.00
15.36,3.70,-10.20,40.00
15.39,3.68,26.20,98.00
15.42,3.70,-7.00,26.00
15.42,3.71,7.90,30.00
15.45,3.70,-9.30,36.00
15.48,3.70,-7.90,32.00
15.51,3.67,83.60,36.00
15.54,3.70,-7.60,0.00
15.54,3.70,-7.60,10.00
15.57,3.70,-10.30,40.00
15.60,3.70,-8.70,32.00
15.63,3.68,-3.00,10.00
15.66,3.70,-5.90,22.00
15.66,3.70,8.40,30.00
15.69,3.70,-6.60,26.00
15.72,3.70,-8.20,32.00
15.75,3.67,94.40,22.00
15.78,3.70,-4.50,16.00
15.78,3.70,7.40,26.00
15.81,3.70,-4.40,16.00
15.84,3.70,-5.60,20.00
15.87,3.66,11.60,16.00
15.90,3.70,-2.70,186.00
15.90,3.70,14.10,200.00
15.93,3.70,-1.60,6.00
15.96,3.70,-0.50,6.00
15.99,3.68,-2.70,10.00
16.02,3.70,0.00,0.00
16.02,3.70,12.50,46.00
16.05,3.70,-0.90,4.00
16.08,3.70,-0.40,0.00
16.11,3.66,43.20,10.00
16.15,3.70,0.40,72.00
16.15,3.70,0.00,52.00
16.17,3.70,1.00,0.00
16.20,3.70,-2.10,6.00
16.23,3.68,0.10,0.00
16.26,3.70,-0.10,0.00
16.26,3.70,18.90,68.00
16.29,3.70,-0.50,4.00
16.32,3.70,-0.90,4.00
16.35,3.67,67.60,4.00
16.38,3.70,0.30,4.00
16.38,3.70,19.10,68.00
16.41,3.70,-4.00,16.00
16.44,3.70,-2.70,10.00
16.47,3.68,4.70,16.00
16.50,3.70,-1.90,6.00
16.50,3.70,24.70,206.00
16.53,3.70,-7.00,30.00
16.56,3.70,-6.10,22.00
16.59,3.68,-7.60,30.00
16.62,3.70,-6.10,22.00
16.62,3.70,18.20,66.00
16.65,3.70,-8.50,32.00
16.68,3.70,-8.50,32.00
16.74,3.66,20.30,22.00
16.74,3.70,-7.80,88.00
16.74,3.70,-8.70,68.00
16.77,3.71,-7.10,26.00
16.80,3.70,-5.80,26.00
16.83,3.68,-6.70,26.00
16.86,3.70,-4.50,16.00
16.86,3.70,24.90,92.00
16.89,3.70,-4.70,16.00
16.92,3.70,-1.70,6.00
16.95,3.66,53.40,10.00
16.98,3.70,0.10,26.00
16.98,3.70,4.00,124.00
17.01,3.70,4.80,16.00
17.04,3.70,5.20,20.00
17.07,3.68,10.40,40.00
17.10,3.70,10.50,40.00
17.10,3.69,0.10,0.00
17.13,3.70,43.90,206.00
17.16,3.70,11.70,42.00
17.19,3.66,104.20,52.00
17.22,3.70,16.20,96.00
17.22,3.70,13.80,52.00
17.25,3.70,15.30,56.00
17.28,3.70,14.80,56.00
17.31,3.68,27.70,102.00
17.34,3.69,17.70,348.00
17.34,3.69,18.10,68.00
17.37,3.70,17.20,62.00
17.40,3.69,55.70,0.00
17.43,3.68,42.40,158.00
17.46,3.70,18.10,66.00
17.46,3.70,17.60,66.00
17.49,3.70,15.40,56.00
17.52,3.69,15.30,56.00
17.55,3.66,55.40,56.00
17.58,3.70,13.30,216.00
17.58,3.70,14.30,52.00
17.61,3.70,14.40,50.00
17.64,3.70,11.50,42.00
17.67,3.67,-0.40,0.00
17.70,3.70,44.20,164.00
17.70,3.70,13.80,52.00
17.73,3.70,14.20,52.00
17.76,3.70,15.90,58.00
17.79,3.66,79.60,58.00
17.82,3.70,15.20,118.00
17.82,3.70,16.40,56.00
17.85,3.70,13.50,50.00
17.88,3.70,16.90,62.00
17.94,3.67,17.50,66.00
17.94,3.70,56.60,210.00
17.94,3.69,44.80,200.00
17.97,3.69,20.40,76.00
18.00,3.69,20.90,76.00
18.03,3.67,20.80,76.00
18.06,3.70,23.80,88.00
18.06,3.70,20.10,76.00
18.09,3.70,22.20,82.00
18.12,3.69,21.90,82.00
18.15,3.65,43.40,82.00
18.18,3.69,23.50,298.00
18.18,3.69,20.40,72.00
18.21,3.70,22.20,78.00
18.24,3.70,22.00,76.00
18.27,3.67,0.10,0.00
18.30,3.70,34.80,128.00
18.30,3.70,15.80,58.00
18.33,3.70,15.90,58.00
18.36,3.69,15.70,56.00
18.39,3.65,67.50,50.00
18.42,3.70,13.80,140.00
18.42,3.70,14.80,52.00
18.45,3.70,14.40,52.00
18.48,3.69,12.40,46.00
18.51,3.67,0.10,0.00
18.54,3.70,28.90,104.00
18.54,3.70,15.60,58.00
18.57,3.70,18.10,66.00
18.60,3.69,16.40,58.00
18.63,3.66,102.00,68.00
18.66,3.70,20.40,88.00
18.66,3.69,19.10,72.00
18.69,3.69,20.40,76.00
18.72,3.69,21.30,78.00
18.75,3.66,34.60,128.00
18.78,3.69,22.20,338.00
18.78,3.69,23.30,82.00
18.81,3.69,1.00,72.00
18.84,3.70,31.40,204.00
18.87,3.68,18.10,66.00
18.90,3.70,18.10,66.00
18.90,3.69,17.00,62.00
18.93,3.70,12.70,46.00
18.96,3.70,11.20,42.00
18.99,3.66,54.80,32.00
19.02,3.70,6.80,150.00
19.02,3.69,55.70,32.00
19.05,3.70,3.70,10.00
19.08,3.70,-0.10,0.00
19.11,3.68,1.00,4.00
19.14,3.70,-2.10,6.00
19.14,3.70,11.20,42.00
19.17,3.70,-6.60,22.00
19.20,3.70,-7.10,26.00
19.23,3.66,61.20,36.00
19.26,3.70,-9.70,20.00
19.26,3.70,-10.40,26.00
19.29,3.71,-13.60,50.00
19.32,3.70,-12.50,46.00
19.35,3.69,-3.50,14.00
19.38,3.70,-11.50,42.00
19.38,3.70,13.80,200.00
19.41,3.70,-9.90,36.00
19.44,3.70,-9.10,36.00
19.47,3.67,-8.20,30.00
19.47,3.70,-4.80,16.00
19.53,3.70,18.40,68.00
19.53,3.70,-2.00,6.00
19.56,3.70,-0.60,4.00
19.59,3.66,36.90,10.00
19.59,3.70,0.10,114.00
19.62,3.70,4.10,92.00
19.65,3.70,7.60,26.00
19.68,3.70,9.10,30.00
19.71,3.68,9.10,32.00
19.71,3.70,9.40,36.00
19.74,3.70,54.10,200.00
19.77,3.70,7.10,26.00
19.83,3.70,7.40,26.00
19.83,3.69,6.10,22.00
19.83,3.70,0.20,66.00
19.86,3.70,36.90,204.00
19.89,3.70,5.30,20.00
19.92,3.70,3.30,14.00
19.95,3.68,11.40,42.00
19.95,3.70,0.30,0.00
19.98,3.70,35.60,132.00
20.01,3.70,8.20,26.00
20.04,3.70,6.40,20.00
20.07,3.66,100.00,30.00
20.07,3.70,0.00,36.00
20.10,3.70,54.00,200.00
20.13,3.70,8.90,32.00
20.16,3.70,10.90,40.00
20.19,3.67,37.20,50.00
20.19,3.70,14.40,262.00
20.22,3.70,17.70,66.00
20.25,3.70,17.10,62.00
20.28,3.70,20.80,76.00
20.31,3.68,21.30,78.00
20.31,3.69,24.40,88.00
20.34,3.69,26.40,98.00
20.37,3.69,3.70,14.00
20.40,3.69,42.20,154.00
20.43,3.65,88.90,108.00
20.43,3.69,31.80,194.00
20.46,3.69,33.20,122.00
20.49,3.69,34.70,124.00
20.52,3.69,33.70,124.00
20.55,3.67,37.90,140.00
20.55,3.69,35.60,132.00
20.58,3.69,33.10,122.00
20.61,3.69,33.30,122.00
20.64,3.69,34.80,128.00
20.67,3.65,118.10,122.00
20.67,3.69,34.10,138.00
20.70,3.69,34.70,124.00
20.73,3.69,3.30,14.00
20.76,3.69,39.80,148.00
20.79,3.67,49.30,180.00
20.79,3.69,30.80,114.00
20.82,3.70,31.30,112.00
20.85,3.69,31.20,114.00
20.88,3.69,31.50,114.00
20.91,3.66,31.20,114.00
20.91,3.69,35.00,128.00
20.94,3.69,32.50,122.00
20.97,3.69,34.40,128.00
21.00,3.69,34.60,128.00
21.03,3.65,88.60,134.00
21.03,3.69,40.10,256.00
21.06,3.69,39.60,144.00
21.09,3.69,55.90,68.00
21.12,3.69,48.40,204.00
21.15,3.68,49.60,184.00
21.18,3.69,47.10,174.00
21.18,3.69,44.00,160.00
21.21,3.69,44.40,164.00
21.24,3.68,45.20,168.00
21.27,3.65,124.10,168.00
21.27,3.69,44.70,190.00
21.30,3.69,45.60,168.00
21.33,3.69,44.80,164.00
21.36,3.69,43.10,158.00
21.39,3.67,54.90,204.00
21.39,3.69,42.70,158.00
21.42,3.69,44.30,164.00
21.45,3.69,46.70,170.00
21.48,3.69,44.50,160.00
21.51,3.66,45.40,168.00
21.51,3.69,47.20,176.00
21.54,3.69,44.40,164.00
21.58,3.69,45.50,168.00
21.60,3.69,44.80,164.00
21.63,3.65,88.50,174.00
21.63,3.69,45.70,302.00
21.66,3.69,29.90,170.00
21.69,3.68,54.00,132.00
21.72,3.69,43.70,204.00
21.75,3.67,42.90,158.00
21.75,3.69,41.90,154.00
21.78,3.69,40.00,148.00
21.81,3.69,38.30,140.00
21.84,3.69,41.30,150.00
21.87,3.64,116.60,158.00
21.87,3.69,44.40,194.00
21.90,3.69,46.00,168.00
21.93,3.69,46.30,164.00
21.96,3.69,42.90,158.00
21.99,3.67,52.60,194.00
21.99,3.69,42.30,158.00
22.02,3.69,42.10,154.00
22.05,3.69,41.80,154.00
22.08,3.69,41.90,154.00
22.11,3.65,132.60,144.00
22.11,3.69,33.80,132.00
22.14,3.69,27.80,102.00
22.17,3.69,21.80,82.00
22.20,3.69,55.20,204.00
22.23,3.67,60.90,226.00
22.23,3.69,25.90,258.00
22.26,3.69,31.00,112.00
22.29,3.69,32.30,118.00
22.32,3.69,36.00,134.00
22.35,3.67,37.60,138.00
22.35,3.69,40.40,148.00
22.38,3.69,40.90,150.00
22.41,3.69,42.20,154.00
22.47,3.69,43.20,160.00
22.59,3.68,46.00,168.00
22.59,3.69,46.30,220.00
22.59,3.69,44.20,160.00
22.59,3.69,46.00,170.00
22.59,3.69,47.00,170.00
22.62,3.67,44.40,164.00
22.62,3.70,48.10,176.00
22.62,3.69,44.20,164.00
22.68,3.69,54.40,200.00
22.68,3.69,55.20,206.00
22.71,3.65,164.20,288.00
22.71,3.69,46.30,174.00
22.74,3.69,46.80,168.00
22.77,3.69,44.50,164.00
22.80,3.69,44.50,164.00
22.83,3.68,73.60,272.00
22.83,3.69,44.40,164.00
22.86,3.69,44.60,164.00
22.89,3.69,46.10,168.00
22.92,3.69,44.00,160.00
22.98,3.66,45.40,168.00
22.98,3.69,46.80,174.00
22.98,3.69,43.80,160.00
23.01,3.69,45.90,170.00
23.04,3.69,44.40,164.00
23.07,3.66,110.30,170.00
23.07,3.69,46.60,236.00
23.10,3.69,45.10,164.00
23.13,3.69,45.90,168.00
23.16,3.69,46.30,168.00
23.19,3.67,49.70,184.00
23.19,3.69,43.30,160.00
23.22,3.68,17.90,66.00
23.28,3.69,54.80,204.00
23.28,3.69,43.40,160.00
23.31,3.65,185.80,150.00
23.31,3.69,34.60,134.00
23.34,3.69,33.50,122.00
23.37,3.69,31.30,114.00
23.40,3.69,28.00,104.00
23.43,3.67,53.90,200.00
23.43,3.69,28.70,104.00
23.46,3.69,31.50,114.00
23.49,3.69,35.50,128.00
23.52,3.69,35.10,128.00
23.58,3.65,131.50,134.00
23.58,3.69,39.10,148.00
23.58,3.69,38.10,140.00
23.61,3.68,18.60,68.00
23.64,3.69,54.50,200.00
23.67,3.67,101.00,370.00
23.67,3.69,43.20,160.00
23.70,3.69,44.90,164.00
23.73,3.69,43.40,158.00
23.76,3.69,45.20,164.00
23.79,3.67,48.90,180.00
23.79,3.69,45.40,168.00
23.82,3.69,45.90,170.00
23.88,3.69,44.00,160.00
23.88,3.69,44.80,164.00
23.91,3.65,193.50,170.00
23.91,3.69,45.00,174.00
23.94,3.69,45.70,168.00
23.97,3.69,46.80,168.00
24.03,3.69,44.00,160.00
24.03,3.67,52.00,190.00
24.03,3.69,43.70,160.00
24.06,3.69,43.50,160.00
24.09,3.69,43.60,160.00
24.12,3.69,45.20,164.00
24.15,3.65,136.70,164.00
24.15,3.70,44.40,168.00
24.18,3.69,46.00,164.00
24.21,3.69,49.60,184.00
24.24,3.69,55.70,206.00
24.27,3.67,99.80,368.00
24.27,3.69,44.70,164.00
24.30,3.69,46.40,168.00
24.33,3.69,44.90,164.00
24.36,3.69,46.20,168.00
24.39,3.67,49.90,184.00
24.39,3.69,46.00,170.00
24.42,3.68,44.00,160.00
24.48,3.69,44.80,164.00
24.48,3.69,44.70,164.00
24.51,3.65,189.20,168.00
24.51,3.69,46.80,184.00
24.54,3.69,43.90,160.00
24.57,3.69,45.90,168.00
24.60,3.69,45.20,168.00
24.69,3.67,58.50,216.00
24.69,3.69,48.10,176.00
24.69,3.69,43.30,160.00
24.69,3.69,43.70,160.00
24.72,3.69,44.40,160.00
24.78,3.65,134.80,154.00
24.78,3.70,41.70,374.00
24.78,3.68,56.20,132.00
24.81,3.69,54.10,200.00
24.84,3.69,51.90,190.00
24.87,3.67,84.90,312.00
24.90,3.69,36.40,134.00
24.90,3.69,34.00,124.00
24.93,3.69,34.50,124.00
24.96,3.69,31.60,114.00
24.99,3.66,138.80,132.00
25.02,3.69,54.80,200.00
25.02,3.69,30.40,112.00
25.08,3.69,32.40,122.00
25.08,3.69,30.80,114.00
25.11,3.66,173.20,638.00
25.14,3.69,36.40,442.00
25.14,3.69,34.20,124.00
25.17,3.69,55.60,62.00
25.20,3.69,39.30,174.00
25.23,3.67,49.00,180.00
25.26,3.69,42.80,158.00
25.26,3.69,41.20,150.00
25.29,3.69,43.40,160.00
25.32,3.68,44.20,164.00
25.35,3.65,140.00,164.00
25.38,3.69,44.20,396.00
25.38,3.69,45.70,168.00
25.41,3.69,45.40,168.00
25.44,3.69,43.40,160.00
25.47,3.67,91.60,338.00
25.50,3.69,46.30,170.00
25.50,3.69,44.90,164.00
25.53,3.69,46.80,170.00
25.56,3.69,44.20,160.00
25.59,3.65,144.10,176.00
25.62,3.69,46.90,268.00
25.62,3.69,43.90,160.00
25.68,3.69,44.80,164.00
25.68,3.69,44.40,164.00
25.71,3.67,176.70,648.00
25.74,3.69,24.50,492.00
25.74,3.68,55.70,92.00
25.77,3.69,44.80,200.00
25.80,3.69,46.00,168.00
25.83,3.67,54.50,200.00
25.86,3.69,48.90,180.00
25.86,3.69,45.20,168.00
25.89,3.69,44.50,164.00
25.92,3.69,44.90,164.00
25.98,3.64,141.50,168.00
25.98,3.69,43.30,406.00
25.98,3.69,44.90,168.00
26.01,3.69,45.40,164.00
26.04,3.69,41.70,154.00
26.07,3.67,88.00,324.00
26.10,3.69,42.90,158.00
26.10,3.69,42.10,154.00
26.13,3.69,43.50,158.00
26.16,3.69,43.90,160.00
26.19,3.65,137.70,170.00
26.22,3.69,44.90,276.00
26.22,3.69,44.80,164.00
26.28,3.69,43.10,158.00
26.28,3.69,44.70,164.00
26.31,3.67,167.40,616.00
26.35,3.69,50.80,186.00
26.35,3.68,56.40,204.00
26.37,3.69,43.20,194.00
26.40,3.69,45.30,164.00
26.43,3.67,54.40,200.00
26.46,3.69,49.00,180.00
26.46,3.69,44.00,160.00
26.49,3.69,41.90,154.00
26.52,3.69,42.50,158.00
26.58,3.64,138.30,158.00
26.58,3.69,41.20,404.00
26.58,3.69,40.50,148.00
26.61,3.69,41.00,148.00
26.64,3.69,40.20,148.00
26.67,3.67,83.50,308.00
26.70,3.69,43.40,160.00
26.70,3.69,41.60,154.00
26.73,3.69,42.90,158.00
26.76,3.69,44.40,164.00
26.79,3.66,134.90,168.00
26.82,3.68,55.60,258.00
26.82,3.69,55.40,204.00
26.85,3.69,50.90,186.00
26.88,3.69,40.30,148.00
26.91,3.67,113.70,420.00
26.95,3.69,38.60,140.00
26.95,3.69,37.30,134.00
26.97,3.69,34.70,128.00
27.00,3.69,33.70,124.00
27.03,3.67,39.80,148.00
27.06,3.69,32.90,122.00
27.06,3.69,21.50,78.00
27.09,3.69,18.60,68.00
27.12,3.70,16.00,58.00
27.18,3.65,48.90,58.00
27.18,3.70,15.60,322.00
27.18,3.69,53.40,0.00
27.21,3.70,16.60,122.00
27.24,3.70,18.30,68.00
27.27,3.68,22.20,82.00
27.30,3.69,26.50,98.00
27.30,3.69,25.90,96.00
27.33,3.69,29.00,108.00
27.36,3.69,32.90,122.00
27.39,3.65,97.40,128.00
27.42,3.69,37.70,262.00
27.42,3.69,39.60,140.00
27.48,3.69,36.60,134.00
27.48,3.69,36.50,134.00
27.51,3.67,112.40,412.00
27.54,3.69,56.10,206.00
27.54,3.69,37.70,138.00
27.57,3.69,33.70,128.00
27.60,3.69,30.20,108.00
27.63,3.67,28.80,104.00
27.66,3.69,32.70,122.00
27.66,3.69,17.80,66.00
27.69,3.70,13.60,50.00
27.72,3.70,6.90,26.00
27.78,3.66,30.20,14.00
27.78,3.70,-1.40,132.00
27.78,3.70,-4.80,196.00
27.81,3.70,-8.00,32.00
27.84,3.70,-9.60,40.00
27.87,3.69,-12.70,46.00
27.90,3.70,-9.00,32.00
27.90,3.70,-10.00,36.00
27.93,3.70,-5.70,20.00
27.96,3.70,-0.50,4.00
27.99,3.66,62.40,14.00
28.02,3.70,7.60,164.00
28.02,3.68,55.50,96.00
28.08,3.69,20.50,76.00
28.08,3.69,24.20,88.00
28.11,3.67,125.10,462.00
28.14,3.69,35.90,132.00
28.14,3.69,37.90,140.00
28.17,3.69,41.60,154.00
28.20,3.69,40.60,148.00
28.23,3.66,153.30,160.00
28.26,3.69,52.00,190.00
28.26,3.69,42.70,158.00
28.29,3.69,44.90,164.00
28.32,3.69,43.30,160.00
28.35,3.67,69.50,164.00
28.38,3.69,45.70,432.00
28.38,3.69,45.00,164.00
28.41,3.69,45.10,164.00
28.44,3.69,45.80,164.00
28.47,3.67,42.60,158.00
28.50,3.68,55.60,204.00
28.50,3.69,54.80,204.00
28.53,3.69,39.90,148.00
28.56,3.69,37.80,138.00
28.59,3.65,92.80,118.00
28.62,3.69,28.80,226.00
28.62,3.69,26.10,96.00
28.68,3.69,20.00,76.00
28.68,3.70,11.30,42.00
28.71,3.68,92.50,340.00
28.74,3.70,-1.30,4.00
28.74,3.70,-9.20,32.00
28.77,3.70,-13.60,56.00
28.80,3.70,-18.70,72.00
28.83,3.67,85.70,66.00
28.86,3.70,-15.60,42.00
28.86,3.70,53.50,196.00
28.89,3.70,-18.20,68.00
28.92,3.70,-18.40,68.00
28.98,3.69,4.90,20.00
28.98,3.70,-16.50,76.00
28.98,3.70,-15.80,190.00
29.01,3.70,-17.10,66.00
29.04,3.71,-15.40,58.00
29.07,3.69,-17.00,62.00
29.10,3.70,-14.10,52.00
29.10,3.70,50.80,186.00
29.13,3.70,-7.40,26.00
29.16,3.70,1.60,6.00
29.19,3.66,64.60,36.00
29.22,3.69,18.80,190.00
29.22,3.69,29.00,108.00
29.28,3.68,56.50,76.00
29.28,3.69,49.40,180.00
29.31,3.67,130.90,482.00
29.34,3.69,43.30,160.00
29.34,3.69,43.70,160.00
29.37,3.68,45.50,164.00
29.40,3.69,44.90,168.00
29.43,3.66,143.50,168.00
29.46,3.69,46.20,194.00
29.46,3.69,45.30,168.00
29.49,3.69,43.60,160.00
29.52,3.69,45.10,168.00
29.58,3.67,63.40,232.00
29.58,3.69,45.00,430.00
29.58,3.69,46.40,170.00
29.61,3.69,43.50,160.00
29.64,3.69,45.50,168.00
29.67,3.67,43.60,160.00
29.70,3.68,44.90,164.00
29.70,3.69,44.70,164.00
29.73,3.69,42.50,158.00
29.76,3.69,42.80,158.00
29.79,3.65,94.90,144.00
29.82,3.69,13.30,236.00
29.82,3.69,27.10,204.00
29.85,3.69,20.60,68.00
29.88,3.70,11.40,42.00
29.91,3.68,10.60,40.00
29.94,3.70,0.00,0.00
29.94,3.70,-1.90,6.00
29.97,3.70,-4.30,16.00
30.00,3.70,-5.50,22.00
30.03,3.67,87.20,20.00
30.06,3.70,-2.00,0.00
30.06,3.70,-0.90,4.00
30.09,3.70,-0.60,4.00
30.12,3.70,5.40,20.00
30.15,3.68,26.10,96.00
30.18,3.69,16.30,58.00
30.18,3.69,22.60,82.00
30.21,3.69,28.20,88.00
30.24,3.69,30.60,206.00
30.27,3.67,31.20,114.00
30.27,3.69,34.90,128.00
30.30,3.69,36.70,134.00
30.33,3.69,37.00,138.00
30.36,3.70,39.00,144.00
30.39,3.65,187.60,154.00
30.39,3.69,40.00,258.00
30.42,3.69,38.90,140.00
30.48,3.69,38.90,140.00
30.48,3.69,37.80,140.00
30.51,3.67,125.90,466.00
30.51,3.69,39.30,144.00
30.54,3.69,36.20,134.00
30.57,3.68,51.40,190.00
30.60,3.69,56.40,204.00
30.63,3.66,125.60,134.00
30.63,3.69,36.80,158.00
30.66,3.69,37.40,134.00
30.69,3.69,33.90,124.00
30.72,3.69,35.30,132.00
30.78,3.67,48.70,180.00
30.78,3.69,33.70,124.00
30.78,3.69,35.90,132.00
30.81,3.69,35.50,128.00
30.84,3.69,36.70,134.00
30.87,3.67,34.40,128.00
30.87,3.69,35.00,128.00
30.90,3.70,30.40,112.00
30.93,3.69,54.10,200.00
30.96,3.69,25.70,96.00
30.99,3.65,74.30,88.00
30.99,3.69,24.30,194.00
31.02,3.69,22.70,82.00
31.08,3.69,25.50,92.00
31.08,3.69,26.60,98.00
31.11,3.68,112.30,412.00
31.11,3.69,31.10,114.00
31.14,3.69,29.60,108.00
31.17,3.69,31.50,114.00
31.20,3.69,34.60,128.00
31.23,3.66,126.00,132.00
31.23,3.69,38.60,158.00
31.26,3.68,56.30,96.00
31.29,3.69,53.20,196.00
31.32,3.69,50.30,184.00
31.35,3.67,58.50,216.00
31.35,3.69,42.90,158.00
31.38,3.69,43.70,158.00
31.41,3.69,43.60,160.00
31.44,3.69,43.70,160.00
31.47,3.67,41.90,154.00
31.47,3.69,44.20,160.00
31.50,3.69,40.80,150.00
31.53,3.69,41.60,154.00
31.56,3.69,41.10,150.00
31.59,3.64,93.00,150.00
31.59,3.69,41.80,246.00
31.62,3.69,38.30,138.00
31.65,3.69,39.80,144.00
31.68,3.69,38.20,140.00
31.71,3.67,41.10,150.00
31.71,3.69,16.40,58.00
31.74,3.69,53.40,196.00
31.77,3.69,35.60,132.00
31.80,3.69,36.90,134.00
31.83,3.65,124.70,128.00
31.83,3.69,36.10,144.00
31.86,3.69,36.80,132.00
31.89,3.69,33.90,124.00
31.92,3.69,34.50,128.00
31.98,3.67,50.50,186.00
31.98,3.69,33.80,124.00
31.98,3.69,33.80,124.00
32.02,3.69,34.30,128.00
32.04,3.69,33.10,122.00
32.07,3.67,31.20,114.00
32.07,3.69,43.90,160.00
32.10,3.69,29.50,108.00
32.13,3.69,30.20,112.00
32.16,3.69,28.30,104.00
32.19,3.65,84.40,104.00
32.19,3.69,30.40,196.00
32.22,3.69,27.90,102.00
32.28,3.69,29.30,108.00
32.28,3.69,28.60,102.00
32.32,3.67,111.50,410.00
32.32,3.69,24.30,88.00
32.34,3.70,17.50,66.00
32.37,3.70,15.80,58.00
32.40,3.69,55.10,4.00
32.43,3.66,100.60,200.00
32.43,3.70,10.40,52.00
32.46,3.70,10.10,32.00
32.49,3.70,8.00,30.00
32.52,3.70,7.30,26.00
32.58,3.68,152.00,560.00
32.58,3.70,7.80,30.00
32.58,3.68,54.80,204.00
32.61,3.70,10.40,40.00
32.64,3.70,9.80,36.00
32.67,3.68,10.40,40.00
32.67,3.70,14.30,52.00
32.70,3.70,10.70,40.00
32.73,3.70,12.10,46.00
32.76,3.70,11.30,42.00
32.79,3.66,70.90,52.00
32.79,3.69,56.00,76.00
32.82,3.69,15.40,170.00
32.85,3.69,19.10,68.00
32.88,3.69,21.40,76.00
32.91,3.68,27.10,102.00
32.91,3.70,25.50,96.00
32.94,3.69,25.60,96.00
32.97,3.69,30.00,112.00
33.00,3.69,33.70,122.00
33.03,3.65,128.00,128.00
33.03,3.69,37.90,148.00
33.06,3.69,40.80,148.00
33.09,3.69,41.80,154.00
33.12,3.69,21.60,78.00
33.15,3.67,75.00,276.00
33.15,3.69,47.50,174.00
33.18,3.68,44.00,160.00
33.21,3.69,45.80,168.00
33.24,3.69,43.30,158.00
33.27,3.67,45.10,168.00
33.27,3.69,46.20,170.00
33.30,3.69,43.30,160.00
33.33,3.69,45.10,168.00
33.36,3.69,43.00,158.00
33.39,3.65,104.10,164.00
33.39,3.69,45.20,236.00
33.42,3.69,42.90,158.00
33.48,3.69,44.60,164.00
33.48,3.69,45.40,160.00
33.51,3.67,136.60,502.00
33.51,3.69,44.90,164.00
33.54,3.69,43.30,160.00
33.57,3.69,43.70,160.00
33.60,3.69,44.20,164.00
33.63,3.66,141.30,160.00
33.63,3.69,43.00,164.00
33.66,3.69,42.00,154.00
33.69,3.68,36.90,138.00
33.72,3.69,53.30,196.00
33.78,3.67,48.90,180.00
33.78,3.70,17.30,62.00
33.78,3.70,10.50,40.00
33.81,3.70,5.20,16.00
33.84,3.70,-2.30,10.00
33.87,3.69,-3.40,14.00
33.87,3.70,-2.40,10.00
33.90,3.70,-7.90,30.00
33.93,3.70,-6.20,22.00
33.96,3.70,-8.50,32.00
33.99,3.66,55.70,206.00
33.99,3.70,-4.70,16.00
34.02,3.70,-6.90,200.00
34.08,3.70,-4.00,16.00
34.08,3.70,-0.40,4.00
34.11,3.68,96.70,358.00
34.11,3.70,9.10,32.00
34.14,3.69,54.40,200.00
34.17,3.69,23.70,88.00
34.20,3.69,30.40,112.00
34.23,3.66,136.50,132.00
34.23,3.69,38.00,144.00
34.26,3.69,42.60,158.00
34.29,3.69,43.70,160.00
34.32,3.69,42.40,158.00
34.35,3.67,74.50,276.00
34.35,3.69,43.10,158.00
34.38,3.69,43.10,158.00
34.41,3.69,44.00,160.00
34.44,3.69,41.00,148.00
34.47,3.67,184.20,154.00
34.47,3.69,42.00,158.00
34.50,3.69,38.30,140.00
34.53,3.69,23.60,88.00
34.59,3.69,53.20,196.00
34.59,3.68,46.50,170.00
34.59,3.69,38.60,216.00
34.62,3.69,36.30,134.00
34.68,3.69,36.00,132.00
34.68,3.69,35.40,128.00
34.71,3.67,134.20,494.00
34.71,3.69,29.20,108.00
34.74,3.69,28.20,104.00
34.77,3.69,27.10,102.00
34.80,3.69,26.60,98.00
34.83,3.66,127.60,88.00
34.83,3.69,23.40,92.00
34.86,3.69,24.30,88.00
34.89,3.70,23.60,88.00
34.92,3.68,14.50,52.00
34.98,3.68,58.80,216.00
34.98,3.69,24.90,92.00
34.98,3.69,26.70,98.00
35.01,3.69,29.90,108.00
35.04,3.69,29.30,104.00
35.07,3.67,176.80,122.00
35.07,3.69,35.90,134.00
35.10,3.69,34.60,128.00
35.13,3.69,38.50,140.00
35.16,3.69,38.60,140.00
35.19,3.68,114.60,422.00
35.19,3.69,43.40,196.00
35.22,3.69,43.20,158.00
35.28,3.69,44.30,160.00
35.28,3.69,44.80,160.00
35.31,3.67,148.50,548.00
35.31,3.69,40.70,150.00
35.34,3.69,52.10,194.00
35.37,3.69,54.30,200.00
35.40,3.69,39.20,144.00
35.43,3.66,144.50,138.00
35.43,3.69,33.80,128.00
35.46,3.69,31.80,114.00
35.49,3.69,27.30,102.00
35.52,3.69,21.50,78.00
35.58,3.68,62.40,230.00
35.58,3.69,15.90,58.00
35.58,3.69,13.00,50.00
35.61,3.70,11.10,40.00
35.64,3.70,0.30,0.00
35.67,3.68,142.80,210.00
35.67,3.70,-0.50,0.00
35.70,3.70,-6.30,22.00
35.73,3.70,-5.80,22.00
35.76,3.70,-8.20,30.00
35.79,3.68,70.50,262.00
35.79,3.70,-5.70,16.00
35.82,3.70,-6.00,194.00
35.88,3.70,-5.70,22.00
35.88,3.70,-5.70,26.00
35.91,3.68,98.30,364.00
35.91,3.70,-9.80,36.00
35.94,3.70,-11.60,42.00
35.97,3.70,-12.00,46.00
36.00,3.70,-11.20,42.00
36.03,3.67,99.90,46.00
36.03,3.70,-11.20,36.00
36.06,3.70,-10.60,160.00
36.09,3.70,-11.60,42.00
36.13,3.70,-13.20,50.00
36.18,3.68,36.40,134.00
36.18,3.70,-10.00,36.00
36.18,3.70,-7.90,30.00
36.21,3.70,-2.70,10.00
36.24,3.70,-1.70,6.00
36.27,3.68,144.50,30.00
36.27,3.70,0.00,36.00
36.30,3.70,52.90,194.00
36.33,3.69,12.70,46.00
36.36,3.70,12.70,46.00
36.39,3.68,99.70,368.00
36.39,3.70,19.10,82.00
36.42,3.69,19.30,68.00
36.48,3.69,22.00,82.00
36.48,3.69,24.00,82.00
36.51,3.68,133.30,492.00
36.51,3.70,21.70,78.00
36.54,3.69,20.40,76.00
36.57,3.69,19.50,72.00
36.60,3.68,55.00,20.00
36.63,3.67,129.90,82.00
36.63,3.69,17.10,68.00
36.66,3.69,18.10,66.00
36.69,3.70,17.10,62.00
36.72,3.69,16.00,58.00
36.78,3.68,72.30,266.00
36.78,3.70,17.20,62.00
36.78,3.69,17.80,66.00
36.81,3.69,19.90,72.00
36.84,3.69,17.60,62.00
36.87,3.68,159.70,92.00
36.87,3.69,20.70,78.00
36.90,3.68,17.40,66.00
36.93,3.70,55.30,204.00
36.96,3.69,16.20,58.00
36.99,3.66,107.30,396.00
36.99,3.70,16.20,68.00
37.02,3.70,12.40,42.00
37.08,3.70,11.80,42.00
37.08,3.70,10.00,32.00
37.11,3.68,121.10,446.00
37.11,3.70,0.00,0.00
37.14,3.70,0.30,0.00
37.17,3.70,-0.60,4.00
37.20,3.70,-1.00,6.00
37.23,3.68,111.80,20.00
37.23,3.70,-3.60,4.00
37.26,3.70,-4.60,20.00
37.29,3.70,-6.90,26.00
37.33,3.70,-8.50,32.00
37.38,3.68,54.00,200.00
37.38,3.70,-7.90,30.00
37.38,3.70,-8.30,30.00
37.41,3.70,-7.10,30.00
37.44,3.70,-10.10,40.00
37.47,3.68,130.50,6.00
37.47,3.70,-6.30,30.00
37.50,3.70,-9.60,36.00
37.53,3.70,-7.30,26.00
37.56,3.70,-8.90,32.00
37.59,3.67,86.50,30.00
37.59,3.70,-6.50,14.00
37.62,3.70,-8.30,196.00
37.65,3.70,-6.20,22.00
37.68,3.70,-5.00,22.00
37.71,3.68,23.50,88.00
37.71,3.70,-5.50,20.00
37.74,3.70,-4.80,16.00
37.77,3.70,-2.40,10.00
37.80,3.70,0.00,0.00
37.83,3.68,120.30,4.00
37.83,3.70,0.10,0.00
37.86,3.70,6.30,204.00
37.89,3.70,6.20,22.00
37.92,3.70,7.40,26.00
37.95,3.68,79.70,294.00
37.95,3.70,11.20,42.00
37.98,3.70,13.40,50.00
38.01,3.69,15.80,58.00
38.04,3.70,0.20,52.00
38.07,3.68,63.90,236.00
38.07,3.69,18.00,66.00
38.10,3.70,16.30,58.00
38.13,3.69,18.50,68.00
38.16,3.70,17.50,66.00
38.19,3.66,111.90,68.00
38.19,3.70,18.70,76.00
38.22,3.69,15.70,56.00
38.25,3.70,16.80,62.00
38.28,3.70,16.70,56.00
38.31,3.67,52.50,194.00
38.31,3.70,14.10,52.00
38.34,3.69,0.00,0.00
38.37,3.70,32.20,118.00
38.40,3.70,11.80,42.00
38.43,3.68,136.30,40.00
38.43,3.70,8.70,40.00
38.49,3.70,8.50,26.00
38.49,3.69,0.20,0.00
38.52,3.70,18.60,68.00
38.58,3.68,79.80,294.00
38.58,3.70,1.00,4.00
38.58,3.70,0.10,0.00
38.61,3.70,-0.60,4.00
38.64,3.70,-3.10,14.00
38.67,3.68,7.70,30.00
38.67,3.70,-4.90,20.00
38.73,3.70,6.70,26.00
38.73,3.70,-4.70,16.00
38.76,3.70,-4.90,20.00
38.79,3.66,90.00,16.00
38.79,3.70,-3.80,14.00
38.82,3.70,-6.50,10.00
38.88,3.70,-5.00,20.00
38.88,3.70,-3.70,20.00
38.91,3.68,105.30,390.00
38.91,3.70,-5.20,20.00
38.94,3.70,-4.50,16.00
38.97,3.70,-2.60,10.00
39.00,3.70,0.90,0.00
39.03,3.68,131.10,16.00
39.03,3.70,0.10,0.00
39.06,3.70,4.40,10.00
39.09,3.70,0.60,4.00
39.12,3.70,0.50,4.00
39.15,3.68,81.70,302.00
39.15,3.70,-4.20,16.00
39.18,3.70,-6.40,26.00
39.21,3.70,-8.40,32.00
39.24,3.70,-9.40,36.00
39.27,3.69,6.20,22.00
39.27,3.70,-8.90,32.00
39.30,3.70,-10.10,36.00
39.33,3.70,-9.00,32.00
39.36,3.71,-9.10,32.00
39.39,3.67,90.40,30.00
39.39,3.70,-8.20,26.00
39.42,3.70,-7.90,30.00
39.48,3.70,-4.20,16.00
39.48,3.70,-1.90,6.00
39.51,3.68,121.30,448.00
39.51,3.70,0.20,0.00
39.57,3.70,5.60,20.00
39.57,3.70,8.20,30.00
39.60,3.70,12.40,46.00
39.66,3.68,152.50,68.00
39.66,3.70,15.30,62.00
39.66,3.69,17.80,58.00
39.69,3.69,15.60,58.00
39.72,3.70,17.70,66.00
39.75,3.68,108.20,400.00
39.75,3.70,13.60,50.00
39.78,3.70,3.50,50.00
39.81,3.69,54.90,196.00
39.84,3.70,10.70,40.00
39.87,3.68,33.90,124.00
39.87,3.70,5.40,20.00
39.90,3.69,52.90,196.00
39.93,3.70,5.00,20.00
39.96,3.70,5.40,20.00
39.99,3.66,110.00,16.00
39.99,3.70,0.30,0.00
40.02,3.70,4.40,196.00
40.08,3.70,6.10,20.00
40.08,3.70,6.00,22.00
40.11,3.68,134.80,498.00
40.11,3.70,0.30,0.00
40.14,3.70,54.20,200.00
40.17,3.70,7.20,26.00
40.20,3.70,9.50,32.00
40.23,3.68,149.40,58.00
40.23,3.70,7.90,32.00
40.26,3.68,56.10,0.00
40.29,3.70,5.10,20.00
40.32,3.70,7.30,26.00
40.38,3.68,101.80,376.00
40.38,3.70,0.50,4.00
40.38,3.70,55.50,206.00
40.41,3.70,4.00,14.00
40.44,3.70,5.80,20.00
40.47,3.68,38.20,140.00
40.47,3.70,0.30,0.00
40.50,3.70,3.90,14.00
40.53,3.70,2.10,6.00
40.56,3.70,2.60,10.00
40.59,3.67,113.30,14.00
40.59,3.70,0.10,0.00
40.62,3.70,4.20,144.00
40.68,3.70,7.10,22.00
40.71,3.70,8.50,32.00
40.71,3.68,154.20,564.00
40.71,3.70,12.40,46.00
40.74,3.70,13.40,50.00
40.77,3.70,13.80,52.00
40.80,3.69,15.50,56.00
40.83,3.67,196.20,22.00
40.83,3.70,36.50,204.00
40.86,3.70,30.90,114.00
40.89,3.70,9.00,32.00
40.92,3.70,9.30,32.00
40.98,3.68,106.30,394.00
40.98,3.69,9.50,36.00
40.98,3.70,11.90,42.00
41.01,3.70,11.40,42.00
41.04,3.69,0.10,56.00
41.07,3.68,101.70,374.00
41.07,3.69,17.80,66.00
41.10,3.70,21.00,78.00
41.13,3.69,19.80,72.00
41.19,3.70,22.10,82.00
41.19,3.67,69.30,96.00
41.19,3.69,25.50,186.00
41.22,3.69,29.20,108.00
41.25,3.69,31.50,112.00
41.28,3.69,30.00,112.00
41.31,3.67,115.80,426.00
41.31,3.69,32.80,122.00
41.34,3.69,33.90,124.00
41.37,3.69,22.20,128.00
41.40,3.68,54.90,104.00
41.43,3.67,175.10,258.00
41.43,3.69,34.80,124.00
41.46,3.69,33.00,122.00
41.49,3.69,30.70,114.00
41.58,3.69,30.90,114.00
41.58,3.67,42.20,154.00
41.58,3.69,27.50,312.00
41.58,3.69,26.40,96.00
41.61,3.69,22.10,78.00
41.64,3.69,21.80,78.00
41.67,3.68,76.80,286.00
41.67,3.69,17.00,62.00
41.70,3.70,17.40,66.00
41.73,3.69,53.20,196.00
41.79,3.70,14.50,52.00
41.79,3.68,95.10,374.00
41.79,3.70,11.50,104.00
41.85,3.70,13.20,46.00
41.85,3.70,13.30,42.00
41.88,3.70,9.90,36.00
41.94,3.68,103.20,380.00
41.94,3.70,12.00,46.00
41.94,3.70,12.40,46.00
41.97,3.69,15.40,56.00
42.00,3.69,54.40,0.00
42.06,3.68,152.20,304.00
42.06,3.69,20.00,76.00
42.06,3.69,18.60,68.00
42.09,3.69,20.30,76.00
42.15,3.69,21.50,78.00
42.15,3.68,46.70,174.00
42.15,3.69,25.10,258.00
42.18,3.69,26.40,98.00
42.21,3.69,26.70,96.00
42.24,3.69,28.50,102.00
42.27,3.67,95.50,350.00
42.27,3.69,29.20,108.00
42.30,3.69,28.90,108.00
42.33,3.69,54.50,200.00
42.36,3.69,29.60,108.00
42.39,3.67,151.40,134.00
42.39,3.69,27.70,140.00
42.42,3.69,29.00,108.00
42.45,3.69,28.40,104.00
42.48,3.69,26.70,98.00
42.51,3.67,122.40,448.00
42.51,3.69,26.90,98.00
42.54,3.69,27.90,102.00
42.57,3.69,30.00,108.00
42.60,3.69,27.40,96.00
42.63,3.67,162.70,262.00
42.63,3.69,29.60,112.00
42.66,3.69,15.10,56.00
42.69,3.69,28.30,104.00
42.72,3.69,26.30,98.00
42.75,3.67,122.70,112.00
42.75,3.69,29.10,226.00
42.78,3.69,27.40,98.00
42.81,3.69,28.50,104.00
42.84,3.69,29.80,104.00
42.87,3.67,105.40,386.00
42.87,3.69,31.50,114.00
42.90,3.69,30.40,112.00
42.93,3.69,31.50,114.00
42.96,3.69,33.10,118.00
42.99,3.67,152.00,160.00
42.99,3.69,54.50,190.00
43.02,3.69,36.40,204.00
43.05,3.69,36.10,134.00
43.08,3.69,35.10,132.00
43.11,3.67,130.70,478.00
43.11,3.69,36.20,134.00
43.14,3.69,36.10,134.00
43.18,3.69,37.00,134.00
43.20,3.69,34.90,128.00
43.23,3.67,88.10,324.00
43.23,3.69,38.10,140.00
43.26,3.69,33.20,122.00
43.29,3.69,34.40,128.00
43.35,3.69,32.80,122.00
43.35,3.68,32.80,122.00
43.35,3.69,34.00,204.00
43.38,3.69,53.40,88.00
43.41,3.69,32.60,196.00
43.44,3.69,32.70,118.00
43.47,3.67,41.60,154.00
43.47,3.69,32.50,122.00
43.50,3.69,28.20,104.00
43.53,3.69,29.50,108.00
43.56,3.69,30.80,112.00
43.59,3.68,161.70,108.00
43.59,3.69,30.30,118.00
43.62,3.69,30.90,108.00
43.65,3.69,27.90,102.00
43.68,3.69,28.50,104.00
43.71,3.67,75.90,282.00
43.71,3.69,27.60,102.00
43.74,3.69,7.80,102.00
43.77,3.69,41.90,204.00
43.80,3.69,28.70,104.00
43.84,3.67,32.40,118.00
43.86,3.69,30.60,112.00
43.86,3.69,28.40,104.00
43.89,3.69,29.80,112.00
43.92,3.69,29.80,112.00
43.95,3.66,122.80,114.00
43.95,3.69,30.90,160.00
44.01,3.69,28.40,102.00
44.01,3.69,29.40,108.00
44.04,3.69,29.10,108.00
44.07,3.67,42.70,158.00
44.07,3.70,28.90,108.00
44.10,3.69,14.20,52.00
44.13,3.69,28.60,104.00
44.16,3.69,29.50,104.00
44.19,3.67,165.40,108.00
44.19,3.69,29.50,114.00
44.22,3.69,31.00,112.00
44.25,3.69,28.80,104.00
44.28,3.69,31.30,114.00
44.31,3.67,87.90,324.00
44.31,3.69,32.10,118.00
44.34,3.69,34.40,124.00
44.37,3.69,32.60,118.00
44.40,3.69,35.00,128.00
44.43,3.67,38.30,140.00
44.43,3.69,35.40,132.00
44.46,3.69,35.40,132.00
44.49,3.69,44.20,164.00
44.52,3.69,54.20,200.00
44.55,3.66,141.50,204.00
44.55,3.69,36.30,158.00
44.58,3.69,36.80,134.00
44.61,3.69,38.10,138.00
44.64,3.69,36.60,134.00
44.67,3.67,58.60,216.00
44.67,3.69,36.70,134.00
44.70,3.69,36.00,134.00
44.73,3.69,35.90,132.00
44.76,3.69,36.40,134.00
44.79,3.67,170.10,132.00
44.79,3.69,35.30,134.00
44.82,3.69,34.30,128.00
44.88,3.68,31.20,114.00
44.88,3.69,54.80,204.00
44.91,3.67,166.00,610.00
44.91,3.69,33.40,124.00
44.94,3.69,34.80,128.00
44.97,3.69,33.50,118.00
45.00,3.69,36.30,134.00
45.03,3.67,42.10,154.00
45.03,3.69,38.90,144.00
45.06,3.69,40.80,150.00
45.12,3.69,40.10,148.00
45.12,3.69,41.90,154.00
45.15,3.66,143.00,220.00
45.15,3.69,42.70,168.00
45.18,3.69,44.60,168.00
45.21,3.69,45.80,164.00
45.24,3.69,42.80,158.00
45.27,3.68,74.80,276.00
45.27,3.68,29.90,112.00
45.30,3.69,54.20,200.00
45.33,3.69,49.90,204.00
45.36,3.69,44.90,174.00
45.39,3.67,177.50,168.00
45.39,3.69,46.50,174.00
45.42,3.69,44.30,164.00
45.45,3.69,44.50,164.00
45.48,3.69,44.40,164.00
45.51,3.67,113.60,420.00
45.51,3.68,45.00,220.00
45.54,3.68,46.00,170.00
45.57,3.69,44.80,164.00
45.60,3.69,45.10,164.00
45.63,3.67,50.60,186.00
45.63,3.69,43.40,160.00
45.66,3.69,43.30,160.00
45.69,3.69,42.60,158.00
45.72,3.69,42.70,158.00
45.75,3.67,147.40,256.00
45.75,3.69,40.10,154.00
45.78,3.69,41.80,154.00
45.81,3.69,41.20,150.00
45.84,3.69,39.40,144.00
45.87,3.67,80.80,298.00
45.87,3.69,40.20,148.00
45.90,3.68,54.40,200.00
45.93,3.69,42.70,204.00
45.96,3.69,39.80,144.00
45.99,3.67,170.50,158.00
45.99,3.69,42.80,160.00
46.02,3.69,40.00,148.00
46.05,3.69,42.50,158.00
46.08,3.69,40.30,148.00
46.11,3.68,119.40,158.00
46.11,3.69,43.60,186.00
46.14,3.69,41.30,150.00
46.17,3.69,43.60,158.00
46.20,3.69,44.20,158.00
46.23,3.67,53.00,196.00
46.24,3.69,42.80,158.00
46.26,3.69,41.80,154.00
46.29,3.69,42.90,158.00
46.32,3.69,44.20,160.00
46.35,3.67,175.80,158.00
46.35,3.69,43.70,168.00
46.38,3.69,44.50,160.00
46.41,3.69,42.80,158.00
46.44,3.70,42.70,158.00
46.47,3.67,96.30,354.00
46.47,3.69,54.40,200.00
46.50,3.69,52.30,194.00
46.53,3.68,44.40,190.00
46.56,3.69,42.90,158.00
46.59,3.67,171.70,174.00
46.59,3.69,45.00,168.00
46.63,3.69,41.50,154.00
46.65,3.69,43.20,160.00
46.68,3.69,43.10,158.00
46.71,3.66,140.00,160.00
46.71,3.69,44.50,174.00
46.74,3.69,41.70,150.00
46.77,3.69,43.50,158.00
46.80,3.69,43.00,158.00
46.83,3.67,64.50,236.00
46.83,3.69,43.10,158.00
46.86,3.69,41.90,154.00
46.89,3.68,42.50,158.00
46.95,3.69,44.00,160.00
46.95,3.67,60.90,150.00
46.95,3.69,43.80,168.00
46.98,3.69,44.60,160.00
47.01,3.69,41.60,154.00
47.04,3.69,43.90,160.00
47.07,3.67,87.30,322.00
47.07,3.69,54.20,200.00
47.10,3.68,45.20,204.00
47.13,3.68,43.70,158.00
47.16,3.69,45.30,168.00
47.19,3.67,51.40,190.00
47.19,3.69,44.10,164.00
47.22,3.69,44.40,164.00
47.28,3.69,43.60,160.00
47.28,3.69,44.50,164.00
47.31,3.66,146.80,276.00
47.31,3.69,45.30,174.00
47.34,3.69,44.90,164.00
47.37,3.69,46.10,168.00
47.40,3.69,44.50,164.00
47.43,3.67,83.60,308.00
47.43,3.69,44.60,164.00
47.46,3.69,44.50,164.00
47.49,3.68,45.10,168.00
47.52,3.68,45.80,168.00
47.55,3.68,185.00,170.00
47.55,3.69,45.80,174.00
47.58,3.69,45.00,168.00
47.61,3.70,43.40,160.00
47.64,3.68,44.90,164.00
47.67,3.67,132.20,488.00
47.67,3.69,54.80,200.00
47.73,3.68,46.30,204.00
47.73,3.69,43.80,160.00
47.76,3.69,45.40,164.00
47.79,3.67,54.30,200.00
47.79,3.69,43.10,158.00
47.82,3.69,44.80,164.00
47.85,3.69,43.20,160.00
47.88,3.68,43.30,160.00
47.91,3.66,163.40,158.00
47.91,3.69,41.10,158.00
47.94,3.69,42.60,158.00
47.97,3.68,42.70,150.00
48.00,3.69,39.20,144.00
48.03,3.67,92.80,340.00
48.03,3.70,37.80,140.00
48.06,3.69,38.00,140.00
48.09,3.69,39.00,140.00
48.12,3.69,36.10,132.00
48.15,3.67,149.30,150.00
48.15,3.68,56.30,52.00
48.18,3.69,53.20,196.00
48.21,3.69,38.50,140.00
48.24,3.69,34.70,128.00
48.27,3.67,127.50,468.00
48.27,3.69,37.40,144.00
48.30,3.69,37.80,138.00
48.33,3.69,38.60,140.00
48.36,3.69,40.20,144.00
48.39,3.67,170.80,626.00
48.39,3.69,39.10,144.00
48.42,3.69,40.40,148.00
48.45,3.69,41.00,150.00
48.48,3.69,42.40,158.00
48.51,3.67,173.00,154.00
48.51,3.69,42.70,160.00
48.54,3.68,43.80,160.00
48.57,3.69,43.60,160.00
48.60,3.68,42.20,154.00
48.63,3.67,109.90,404.00
48.63,3.69,43.80,160.00
48.66,3.69,44.30,164.00
48.69,3.69,55.30,168.00
48.72,3.68,53.50,196.00
48.75,3.67,173.30,550.00
48.75,3.69,45.20,168.00
48.78,3.69,43.10,158.00
48.81,3.69,45.00,168.00
48.84,3.69,44.60,164.00
48.87,3.65,143.50,168.00
48.87,3.69,46.20,174.00
48.90,3.69,43.60,158.00
48.93,3.69,45.80,168.00
48.96,3.69,46.30,164.00
48.99,3.67,88.00,324.00
48.99,3.69,45.80,168.00
49.02,3.69,43.30,160.00
49.05,3.69,44.40,164.00
49.08,3.69,46.00,168.00
49.11,3.67,185.20,174.00
49.11,3.69,45.10,170.00
49.14,3.69,45.20,160.00
49.17,3.69,41.80,154.00
49.20,3.69,43.40,160.00
49.23,3.67,124.30,458.00
49.23,3.69,42.00,154.00
49.26,3.69,22.40,158.00
49.29,3.68,54.10,66.00
49.32,3.69,46.30,204.00
49.35,3.67,57.20,210.00
49.35,3.69,39.20,144.00
49.38,3.69,39.20,144.00
49.41,3.69,37.90,140.00
49.44,3.69,37.80,140.00
49.47,3.66,148.10,138.00
49.47,3.69,37.60,144.00
49.50,3.69,36.50,134.00
49.53,3.69,36.70,134.00
49.57,3.69,35.30,132.00
49.59,3.67,92.60,340.00
49.59,3.69,34.50,128.00
49.62,3.69,34.80,128.00
49.65,3.69,35.10,132.00
49.68,3.68,55.90,132.00
49.71,3.68,182.80,226.00
49.71,3.69,41.00,154.00
49.74,3.69,40.30,148.00
49.77,3.69,38.60,140.00
49.80,3.69,40.30,148.00
49.83,3.67,135.60,498.00
49.83,3.68,40.80,150.00
49.86,3.69,43.20,158.00
49.89,3.69,41.20,148.00
49.92,3.69,43.20,158.00
49.95,3.67,74.20,272.00
49.95,3.69,42.30,158.00
49.99,3.69,44.70,164.00
50.01,3.69,43.60,160.00
50.04,3.69,44.40,164.00
50.07,3.66,161.40,160.00
50.07,3.69,43.50,164.00
50.10,3.69,45.50,168.00
50.13,3.69,45.90,164.00
50.16,3.69,42.10,154.00
50.19,3.68,114.50,422.00
50.19,3.69,40.80,150.00
50.22,3.69,54.40,200.00
50.25,3.69,54.40,204.00
50.28,3.69,40.50,184.00
50.31,3.67,52.30,194.00
50.31,3.69,42.70,154.00
50.34,3.69,40.20,148.00
50.37,3.69,42.10,154.00
50.40,3.69,41.00,150.00
50.43,3.67,136.60,158.00
50.43,3.69,43.00,160.00
50.46,3.69,42.50,154.00
50.49,3.69,44.00,160.00
50.52,3.68,45.00,160.00
50.55,3.67,92.70,340.00
50.55,3.69,43.40,160.00
50.58,3.69,43.20,160.00
50.61,3.69,43.60,160.00
50.64,3.69,44.00,160.00
50.67,3.67,169.30,170.00
50.67,3.69,42.20,160.00
50.70,3.69,42.10,154.00
50.73,3.69,40.90,150.00
50.76,3.69,40.80,150.00
50.79,3.67,128.90,476.00
50.79,3.69,25.60,96.00
50.82,3.68,54.90,204.00
50.85,3.69,43.50,204.00
50.88,3.69,41.50,150.00
50.94,3.67,64.30,236.00
50.94,3.69,42.80,158.00
50.94,3.69,41.20,150.00
50.97,3.69,43.30,160.00
51.00,3.69,43.00,158.00
51.03,3.66,143.40,158.00
51.03,3.69,44.60,170.00
51.06,3.69,41.70,150.00
51.09,3.69,43.50,158.00
51.12,3.69,42.70,158.00
51.15,3.67,104.90,386.00
51.15,3.69,41.70,154.00
51.18,3.69,39.60,148.00
51.21,3.69,39.30,144.00
51.24,3.69,40.10,148.00
51.27,3.68,174.80,170.00
51.27,3.69,39.80,148.00
51.30,3.70,41.20,148.00
51.33,3.69,39.90,148.00
51.36,3.69,55.30,204.00
51.39,3.67,148.90,200.00
51.39,3.69,44.00,160.00
51.42,3.69,45.90,168.00
51.45,3.69,43.70,158.00
51.48,3.69,45.40,168.00
51.51,3.67,84.60,312.00
51.51,3.69,42.60,158.00
51.54,3.69,44.60,164.00
51.57,3.69,43.10,158.00
51.60,3.69,44.30,164.00
51.63,3.66,157.80,164.00
51.63,3.69,44.20,168.00
51.66,3.69,44.50,164.00
51.69,3.69,44.80,160.00
51.72,3.69,41.00,150.00
51.75,3.67,119.00,440.00
51.75,3.69,39.10,144.00
51.78,3.69,39.20,144.00
51.81,3.69,39.80,144.00
51.84,3.69,39.30,144.00
51.87,3.67,170.70,194.00
51.87,3.69,39.60,140.00
51.90,3.68,38.40,140.00
51.93,3.69,34.60,128.00
51.96,3.69,54.40,200.00
51.99,3.67,138.30,508.00
51.99,3.69,43.70,164.00
52.02,3.68,44.90,164.00
52.05,3.69,43.30,158.00
52.08,3.69,44.70,164.00
52.11,3.67,99.50,368.00
52.11,3.69,42.60,158.00
52.14,3.69,44.30,164.00
52.17,3.69,44.30,164.00
52.20,3.69,44.70,164.00
52.23,3.67,170.30,184.00
52.23,3.69,43.30,164.00
52.26,3.68,45.20,164.00
52.29,3.69,44.50,164.00
52.32,3.69,43.20,160.00
52.35,3.67,137.10,504.00
52.35,3.69,43.00,158.00
52.38,3.69,44.10,164.00
52.41,3.69,46.10,168.00
52.44,3.69,43.30,158.00
52.47,3.67,78.00,288.00
52.47,3.69,31.40,168.00
52.50,3.68,23.10,86.00
52.53,3.69,55.20,204.00
52.56,3.69,46.70,170.00
52.59,3.65,142.90,180.00
52.59,3.68,45.90,174.00
52.62,3.69,43.30,158.00
52.65,3.69,44.90,164.00
52.68,3.68,45.10,160.00
52.71,3.67,115.40,426.00
52.71,3.69,43.20,160.00
52.74,3.69,41.60,154.00
52.77,3.69,42.90,158.00
52.80,3.69,44.60,160.00
52.83,3.67,182.60,194.00
52.83,3.69,43.40,160.00
52.86,3.69,43.90,158.00
52.89,3.69,40.20,148.00
52.92,3.69,39.60,148.00
52.95,3.67,131.80,484.00
52.95,3.69,35.00,128.00
52.98,3.69,34.60,124.00
53.01,3.69,54.00,122.00
53.04,3.69,33.50,200.00
53.07,3.67,84.50,312.00
53.07,3.69,37.80,138.00
53.10,3.69,38.10,140.00
53.13,3.69,40.50,150.00
53.16,3.69,41.80,154.00
53.22,3.66,156.30,170.00
53.22,3.69,42.60,226.00
53.22,3.69,40.90,150.00
53.25,3.69,42.20,154.00
53.28,3.69,41.90,154.00
53.31,3.67,130.20,478.00
53.31,3.69,44.40,164.00
53.34,3.69,41.80,154.00
53.37,3.69,41.30,150.00
53.40,3.69,42.60,158.00
53.43,3.67,175.40,242.00
53.43,3.69,41.60,160.00
53.46,3.69,40.70,150.00
53.49,3.69,37.60,138.00
53.52,3.69,39.40,144.00
53.55,3.67,133.50,144.00
53.55,3.68,16.50,318.00
53.58,3.68,55.90,76.00
53.61,3.69,39.90,194.00
53.64,3.69,42.50,154.00
53.67,3.67,107.40,396.00
53.67,3.69,43.90,160.00
53.70,3.69,43.70,160.00
53.73,3.69,42.80,158.00
53.76,3.68,43.80,160.00
53.79,3.67,175.50,186.00
53.79,3.69,43.20,194.00
53.82,3.69,45.00,168.00
53.85,3.69,45.60,164.00
53.88,3.68,42.80,158.00
53.91,3.67,138.60,508.00
53.91,3.69,42.90,158.00
53.94,3.69,43.90,160.00
53.97,3.69,45.60,168.00
54.00,3.69,43.30,158.00
54.03,3.67,173.70,330.00
54.03,3.69,45.10,168.00
54.06,3.69,40.90,150.00
54.09,3.69,42.20,154.00
54.12,3.70,40.80,150.00
54.15,3.67,144.00,168.00
54.15,3.69,55.60,256.00
54.18,3.69,54.20,200.00
54.21,3.69,42.20,194.00
54.24,3.69,42.80,150.00
54.27,3.67,122.60,452.00
54.27,3.69,44.20,164.00
54.30,3.69,43.20,160.00
54.33,3.69,44.50,164.00
54.36,3.69,45.30,164.00
54.39,3.67,189.30,216.00
54.39,3.69,45.10,174.00
54.42,3.68,45.80,168.00
54.45,3.69,43.90,160.00
54.48,3.69,43.60,160.00
54.51,3.67,138.70,508.00
54.51,3.69,44.50,164.00
54.54,3.69,44.60,164.00
54.57,3.69,45.40,168.00
54.60,3.68,44.30,160.00
54.63,3.67,105.60,390.00
54.63,3.69,45.30,168.00
54.66,3.69,42.30,158.00
54.69,3.69,43.00,158.00
54.72,3.68,42.10,154.00
54.75,3.66,142.00,184.00
54.75,3.68,56.10,154.00
54.78,3.69,39.30,196.00
54.81,3.68,41.10,148.00
54.84,3.69,41.20,150.00
54.87,3.67,136.40,502.00
54.87,3.69,42.90,158.00
54.90,3.69,42.50,158.00
54.93,3.69,42.70,158.00
54.96,3.69,44.80,164.00
54.99,3.67,176.80,298.00
54.99,3.69,44.00,168.00
55.02,3.69,43.50,160.00
55.05,3.69,42.20,154.00
55.08,3.69,44.20,164.00
55.11,3.67,137.50,504.00
55.11,3.69,43.80,286.00
55.14,3.69,45.20,164.00
55.17,3.69,42.30,150.00
55.20,3.69,44.40,160.00
55.23,3.67,118.90,440.00
55.23,3.69,43.30,160.00
55.26,3.69,43.70,160.00
55.29,3.69,41.80,154.00
55.32,3.69,35.40,132.00
55.36,3.67,192.70,200.00
55.36,3.69,49.00,206.00
55.38,3.69,43.20,180.00
55.41,3.69,43.70,158.00
55.44,3.69,41.10,150.00
55.47,3.67,136.90,502.00
55.47,3.68,41.20,150.00
55.50,3.69,42.60,158.00
55.53,3.69,44.40,160.00
55.56,3.68,43.00,154.00
55.59,3.67,176.20,368.00
55.59,3.69,45.40,168.00
55.62,3.69,42.50,158.00
55.65,3.69,43.80,160.00
55.68,3.69,42.60,158.00
55.71,3.67,149.20,544.00
55.71,3.69,44.60,222.00
55.74,3.69,44.00,160.00
55.77,3.69,44.30,164.00
55.80,3.69,45.30,160.00
55.83,3.67,134.90,494.00
55.83,3.69,44.20,164.00
55.86,3.69,42.60,158.00
55.89,3.68,42.60,158.00
55.92,3.69,39.20,158.00
55.95,3.67,197.60,268.00
55.95,3.69,42.50,204.00
55.98,3.69,43.80,160.00
56.01,3.69,42.40,158.00
56.04,3.69,41.80,154.00
56.07,3.67,136.50,502.00
56.07,3.69,41.90,154.00
56.10,3.69,41.70,154.00
56.15,3.69,42.40,154.00
56.16,3.69,41.00,150.00
56.19,3.67,158.10,180.00
56.19,3.69,43.40,160.00
56.22,3.69,40.10,148.00
56.25,3.69,41.20,150.00
56.28,3.69,40.30,148.00
56.31,3.67,162.30,150.00
56.31,3.69,41.60,170.00
56.34,3.69,38.80,140.00
56.37,3.69,39.60,144.00
56.40,3.69,38.30,140.00
56.43,3.67,74.40,276.00
56.43,3.69,37.00,138.00
56.46,3.69,18.60,68.00
56.49,3.68,54.30,200.00
56.52,3.69,46.30,206.00
56.55,3.67,168.10,132.00
56.55,3.69,34.50,132.00
56.58,3.69,35.10,124.00
56.61,3.69,32.00,118.00
56.64,3.69,33.90,124.00
56.67,3.67,111.10,410.00
56.67,3.69,34.40,128.00
56.70,3.69,37.40,138.00
56.73,3.69,35.60,132.00
56.76,3.69,38.00,138.00
56.79,3.67,46.60,170.00
56.79,3.69,36.00,132.00
56.82,3.68,32.90,122.00
56.85,3.69,53.40,196.00
56.88,3.69,33.30,122.00
56.91,3.68,173.10,124.00
56.91,3.69,33.70,128.00
56.94,3.69,35.40,132.00
56.97,3.69,35.70,124.00
57.00,3.69,32.00,118.00
57.03,3.67,86.80,322.00
57.03,3.69,32.40,118.00
57.07,3.69,34.70,128.00
57.09,3.69,37.40,134.00
57.12,3.69,36.40,132.00
57.15,3.67,189.30,158.00
57.15,3.69,56.40,210.00
57.18,3.69,53.30,196.00
57.21,3.69,39.00,144.00
57.24,3.69,38.00,140.00
57.27,3.68,150.50,144.00
57.27,3.69,41.20,176.00
57.30,3.69,41.00,148.00
57.33,3.69,41.50,150.00
57.36,3.69,42.80,154.00
57.39,3.67,68.10,252.00
57.39,3.69,41.40,150.00
57.42,3.69,41.00,150.00
57.45,3.69,41.90,154.00
57.48,3.69,42.70,154.00
57.51,3.67,172.10,154.00
57.51,3.69,42.10,160.00
57.54,3.69,42.70,154.00
57.57,3.69,40.80,150.00
57.60,3.69,40.20,148.00
57.63,3.67,109.40,404.00
57.63,3.69,39.80,148.00
57.66,3.69,39.80,148.00
57.69,3.69,39.20,144.00
57.72,3.69,18.50,140.00
57.75,3.67,34.60,128.00
57.75,3.69,56.20,206.00
57.78,3.69,40.20,148.00
57.81,3.69,40.60,150.00
57.84,3.69,40.20,148.00
57.87,3.67,170.50,148.00
57.87,3.69,39.90,150.00
57.90,3.69,35.70,132.00
57.93,3.69,34.10,124.00
57.96,3.69,28.50,104.00
57.99,3.67,69.20,256.00
57.99,3.69,22.60,82.00
58.02,3.70,20.80,76.00
58.05,3.69,19.80,72.00
58.08,3.70,14.20,72.00
58.11,3.67,179.10,212.00
58.11,3.70,17.40,68.00
58.14,3.69,15.60,58.00
58.17,3.69,12.90,50.00
58.20,3.70,13.90,52.00
58.23,3.68,106.20,394.00
58.23,3.69,12.30,46.00
58.26,3.70,13.80,50.00
58.29,3.69,10.90,36.00
58.32,3.70,8.50,46.00
58.35,3.68,70.10,258.00
58.35,3.70,11.10,42.00
58.38,3.69,14.00,52.00
58.41,3.70,13.60,50.00
58.44,3.69,14.50,52.00
58.47,3.68,154.30,52.00
58.47,3.69,15.20,58.00
58.50,3.69,18.50,68.00
58.53,3.69,21.20,76.00
58.56,3.69,20.80,76.00
58.59,3.67,83.60,308.00
58.59,3.69,24.80,92.00
58.62,3.69,28.10,104.00
58.65,3.69,7.10,114.00
58.68,3.69,39.40,194.00
58.71,3.67,148.90,158.00
58.71,3.69,37.80,140.00
58.74,3.69,36.80,134.00
58.77,3.69,40.70,150.00
58.80,3.69,40.00,148.00
58.83,3.67,165.60,158.00
58.83,3.68,44.30,170.00
58.86,3.69,42.60,158.00
58.89,3.69,44.50,164.00
58.92,3.68,45.10,160.00
58.95,3.67,82.50,304.00
58.95,3.69,43.60,160.00
58.98,3.69,41.90,154.00
59.01,3.69,43.40,160.00
59.04,3.69,44.70,160.00
59.07,3.67,173.30,168.00
59.07,3.69,43.90,168.00
59.10,3.69,44.50,158.00
59.13,3.69,41.00,150.00
59.16,3.68,41.60,154.00
59.19,3.67,133.60,492.00
59.19,3.69,54.10,200.00
59.22,3.69,40.90,200.00
59.25,3.69,39.00,144.00
59.28,3.70,38.20,138.00
59.31,3.67,48.60,180.00
59.31,3.69,34.10,124.00
59.34,3.69,33.00,122.00
59.37,3.69,31.90,118.00
59.40,3.69,30.80,114.00
59.43,3.67,173.80,108.00
59.43,3.69,28.90,112.00
59.46,3.69,27.90,102.00
59.49,3.69,28.70,102.00
59.52,3.69,27.60,102.00
59.55,3.67,78.90,292.00
59.55,3.69,54.40,200.00
59.58,3.69,27.80,102.00
59.61,3.69,31.90,118.00
59.64,3.69,34.80,128.00
59.67,3.67,160.60,150.00
59.67,3.69,33.80,128.00
59.70,3.69,31.20,114.00
59.73,3.69,30.70,114.00
59.76,3.69,32.50,122.00
59.79,3.67,148.60,548.00
59.79,3.69,33.50,132.00
59.82,3.69,34.80,128.00
59.85,3.69,33.20,122.00
59.88,3.69,55.20,104.00
59.91,3.67,65.80,242.00
59.91,3.69,33.10,122.00
59.94,3.69,34.70,128.00
59.97,3.69,34.80,128.00
60.00,3.69,35.00,128.00
